{"class":"Brizy_Editor_Block","media":"{\"images\":[\"018ef61f1df33e7bbf8424f7412ed340.jpg\",\"56cbf5fa841879f98912b842d8fa9812.jpg\",\"cdddc0b3a4af1684e662b56b7bd2b18d.jpg\",\"fa2ce83c03123c236df659e72873092a.jpg\"],\"uploads\":[],\"fonts\":[]}","data":"{\"type\":\"Section\",\"value\":{\"_styles\":[\"section\"],\"items\":[{\"type\":\"SectionItem\",\"value\":{\"_styles\":[\"section-item\"],\"items\":[{\"type\":\"Wrapper\",\"value\":{\"_styles\":[\"wrapper\",\"wrapper--richText\"],\"items\":[{\"type\":\"RichText\",\"value\":{\"_styles\":[\"richText\"],\"text\":\"<h2 class=\\\"brz-text-lg-center brz-tp-lg-empty brz-ff-overpass brz-ft-google brz-fs-lg-61 brz-fss-lg-px brz-fw-lg-700 brz-ls-lg-m_1_5 brz-lh-lg-1_3 brz-vfw-lg-400 brz-fwdth-lg-100 brz-fsft-lg-0\\\" data-generated-css=\\\"brz-css-nfYhK\\\" data-uniq-id=\\\"x0Cf5\\\"><a data-href=\\\"%7B%22type%22%3A%22external%22%2C%22anchor%22%3A%22%22%2C%22external%22%3A%22https%3A%2F%2Fetherscan.io%2Faddress%2F0xF80bE2bceBBA64257721C7AE71AECD37FC26bFee%2F%22%2C%22externalBlank%22%3A%22on%22%2C%22externalRel%22%3A%22off%22%2C%22externalType%22%3A%22external%22%2C%22population%22%3A%22%22%2C%22populationEntityId%22%3A%22%22%2C%22populationEntityType%22%3A%22%22%2C%22popup%22%3A%22%22%2C%22upload%22%3A%22%22%2C%22linkToSlide%22%3A1%2C%22internal%22%3A%22%22%2C%22internalBlank%22%3A%22off%22%2C%22pageTitle%22%3A%22%22%2C%22pageSource%22%3Anull%7D\\\" class=\\\"link--external\\\">0xEvgen.eth<\/a><\/h2>\",\"_id\":\"gCmpubbZgaRJ\",\"_version\":2,\"typographyFontStyle\":\"\",\"typographyFontFamily\":\"overpass\",\"typographyFontFamilyType\":\"google\",\"typographyFontSize\":61,\"typographyFontSizeSuffix\":\"px\",\"typographyFontWeight\":700,\"typographyLetterSpacing\":-1.5,\"typographyLineHeight\":1.3,\"typographyVariableFontWeight\":400,\"typographyFontWidth\":100,\"typographyFontSoftness\":0,\"link\":\"%7B%22type%22%3A%22external%22%2C%22anchor%22%3A%22%22%2C%22external%22%3A%22https%3A%2F%2Fetherscan.io%2Faddress%2F0xF80bE2bceBBA64257721C7AE71AECD37FC26bFee%2F%22%2C%22externalBlank%22%3A%22on%22%2C%22externalRel%22%3A%22off%22%2C%22externalType%22%3A%22external%22%2C%22population%22%3A%22%22%2C%22populationEntityId%22%3A%22%22%2C%22populationEntityType%22%3A%22%22%2C%22popup%22%3A%22%22%2C%22upload%22%3A%22%22%2C%22linkToSlide%22%3A1%2C%22internal%22%3A%22%22%2C%22internalBlank%22%3A%22off%22%2C%22pageTitle%22%3A%22%22%2C%22pageSource%22%3Anull%7D\",\"linkExternal\":\"https:\/\/etherscan.io\/address\/0xF80bE2bceBBA64257721C7AE71AECD37FC26bFee\/\"}}],\"_id\":\"sAeGRkRPohO6\"}},{\"type\":\"Wrapper\",\"value\":{\"_styles\":[\"wrapper\",\"wrapper--richText\"],\"items\":[{\"type\":\"RichText\",\"value\":{\"_styles\":[\"richText\"],\"text\":\"<h1 class=\\\"brz-text-lg-center brz-tp-lg-heading1\\\" data-uniq-id=\\\"sC8Ve\\\" data-generated-css=\\\"brz-css-jGYTT\\\"><span class=\\\"brz-cp-color2\\\">Social Profiles<\/span><\/h1>\",\"_id\":\"oJEFxE1PvkQ9\",\"_version\":2}}],\"mobileMarginType\":\"grouped\",\"_id\":\"nz0DOeVOBpfU\"}},{\"type\":\"Wrapper\",\"value\":{\"_styles\":[\"wrapper\",\"wrapper--spacer\"],\"items\":[{\"type\":\"Spacer\",\"value\":{\"_styles\":[\"spacer\"],\"height\":30,\"tabletHeight\":18,\"_id\":\"tUEwZkOEX3hb\"}}],\"showOnTablet\":\"on\",\"showOnMobile\":\"on\",\"_id\":\"bIfeRkhg3oiC\"}},{\"type\":\"Row\",\"value\":{\"_styles\":[\"row\",\"hide-row-borders\",\"padding-0\"],\"items\":[{\"type\":\"Column\",\"value\":{\"_styles\":[\"column\"],\"items\":[{\"type\":\"Cloneable\",\"value\":{\"_styles\":[\"wrapper-clone\",\"wrapper-clone--icon\"],\"items\":[{\"type\":\"Icon\",\"value\":{\"_styles\":[\"icon\"],\"name\":\"send-2\",\"type\":\"glyph\",\"hoverColorHex\":\"#0ad1bd\",\"hoverColorOpacity\":1,\"hoverColorPalette\":\"color3\",\"tabletSize\":\"large\",\"tabletCustomSize\":64,\"_id\":\"mN4Vr7Xa6RtH\",\"linkType\":\"external\",\"linkExternal\":\"https:\/\/t.me\/ghost0xevgen\",\"colorHex\":\"#05a3ca\",\"colorOpacity\":1,\"colorPalette\":\"\",\"tempColorOpacity\":1,\"tempColorPalette\":\"\",\"tabsState\":\"normal\",\"customSize\":98,\"size\":\"custom\",\"linkExternalBlank\":\"on\"}}],\"_id\":\"rSCYe0TgkZ87\"}},{\"type\":\"Wrapper\",\"value\":{\"_styles\":[\"wrapper\",\"wrapper--richText\"],\"items\":[{\"type\":\"RichText\",\"value\":{\"_styles\":[\"richText\"],\"text\":\"<h5 class=\\\"brz-tp-lg-heading5 brz-text-lg-center\\\" data-generated-css=\\\"brz-css-k1g1o\\\" data-uniq-id=\\\"odvTC\\\"><a data-href=\\\"%7B%22type%22%3A%22external%22%2C%22anchor%22%3A%22%22%2C%22external%22%3A%22https%3A%2F%2Ft.me%2Fghost0xevgen%2F%22%2C%22externalBlank%22%3A%22on%22%2C%22externalRel%22%3A%22off%22%2C%22externalType%22%3A%22external%22%2C%22population%22%3A%22%22%2C%22populationEntityId%22%3A%22%22%2C%22populationEntityType%22%3A%22%22%2C%22popup%22%3A%22%22%2C%22upload%22%3A%22%22%2C%22linkToSlide%22%3A1%2C%22internal%22%3A%22%22%2C%22internalBlank%22%3A%22off%22%2C%22pageTitle%22%3A%22%22%2C%22pageSource%22%3Anull%7D\\\" class=\\\"link--external\\\">Telegram <\/a><\/h5>\",\"_id\":\"icO11BQRVSak\",\"_version\":2,\"link\":\"%7B%22type%22%3A%22external%22%2C%22anchor%22%3A%22%22%2C%22external%22%3A%22https%3A%2F%2Ft.me%2Fghost0xevgen%2F%22%2C%22externalBlank%22%3A%22on%22%2C%22externalRel%22%3A%22off%22%2C%22externalType%22%3A%22external%22%2C%22population%22%3A%22%22%2C%22populationEntityId%22%3A%22%22%2C%22populationEntityType%22%3A%22%22%2C%22popup%22%3A%22%22%2C%22upload%22%3A%22%22%2C%22linkToSlide%22%3A1%2C%22internal%22%3A%22%22%2C%22internalBlank%22%3A%22off%22%2C%22pageTitle%22%3A%22%22%2C%22pageSource%22%3Anull%7D\",\"linkExternal\":\"https:\/\/t.me\/ghost0xevgen\/\"}}],\"mobileMarginType\":\"grouped\",\"marginType\":\"grouped\",\"_id\":\"mIZlgJR2Wn8J\"}}],\"width\":24.6,\"tabsState\":\"normal\",\"tabsCurrentElement\":\"tabCurrentElement\",\"tabsColor\":\"tabOverlay\",\"bgColorPalette\":\"color8\",\"tempBgColorPalette\":\"color8\",\"bgColorOpacity\":1,\"borderRadius\":300,\"borderTopLeftRadius\":300,\"borderTopRightRadius\":300,\"borderBottomLeftRadius\":300,\"borderBottomRightRadius\":300,\"tempBorderTopLeftRadius\":300,\"tempBorderTopRightRadius\":300,\"tempBorderBottomLeftRadius\":300,\"tempBorderBottomRightRadius\":300,\"tabletPaddingRight\":20,\"tabletPaddingLeft\":20,\"mobilePaddingRight\":10,\"mobilePaddingLeft\":10,\"tempBorderRadius\":300,\"borderStyle\":\"solid\",\"borderWidth\":0,\"borderTopWidth\":0,\"borderRightWidth\":0,\"borderBottomWidth\":0,\"borderLeftWidth\":0,\"tempBorderTopWidth\":4,\"tempBorderRightWidth\":4,\"tempBorderBottomWidth\":4,\"tempBorderLeftWidth\":4,\"borderColorOpacity\":0,\"borderColorPalette\":\"\",\"marginType\":\"ungrouped\",\"marginRight\":15,\"marginRightSuffix\":\"px\",\"margin\":0,\"marginLeft\":15,\"marginLeftSuffix\":\"px\",\"boxShadow\":\"on\",\"boxShadowBlur\":40,\"boxShadowColorOpacity\":0.5,\"boxShadowSpread\":-21,\"boxShadowVertical\":17,\"boxShadowHorizontal\":0,\"boxShadowColorHex\":\"#000000\",\"tempBoxShadowColorOpacity\":0.5,\"boxShadowColorPalette\":\"\",\"tempBoxShadowColorPalette\":\"\",\"tabletWidth\":50,\"tabletMarginLeft\":35,\"tabletMarginLeftSuffix\":\"px\",\"tabletMargin\":0,\"tabletMarginRight\":35,\"tabletMarginRightSuffix\":\"px\",\"mobileMarginRight\":70,\"mobileMarginRightSuffix\":\"px\",\"mobileMargin\":10,\"mobileMarginLeft\":70,\"mobileMarginLeftSuffix\":\"px\",\"verticalAlign\":\"center\",\"paddingTopSuffix\":\"px\",\"paddingTop\":68,\"padding\":15,\"paddingSuffix\":\"px\",\"paddingBottomSuffix\":\"px\",\"paddingBottom\":68,\"paddingRightSuffix\":\"px\",\"paddingRight\":15,\"tabletPaddingRightSuffix\":\"px\",\"tabletPadding\":76,\"tabletPaddingSuffix\":\"px\",\"tabletPaddingTopSuffix\":\"px\",\"tabletPaddingTop\":76,\"tabletPaddingBottomSuffix\":\"px\",\"tabletPaddingBottom\":76,\"tabletPaddingType\":\"ungrouped\",\"tabletPaddingLeftSuffix\":\"px\",\"mobileWidth\":50,\"mobileMarginType\":\"grouped\",\"mobilePaddingTopSuffix\":\"px\",\"mobilePaddingTop\":40,\"mobilePadding\":0,\"mobilePaddingSuffix\":\"px\",\"mobilePaddingRightSuffix\":\"px\",\"mobilePaddingBottomSuffix\":\"px\",\"mobilePaddingBottom\":40,\"_id\":\"irvZYCF3ZdyN\",\"linkType\":\"external\",\"linkExternal\":\"https:\/\/t.me\/ghost0xevgen\",\"linkExternalBlank\":\"on\"}},{\"type\":\"Column\",\"value\":{\"_styles\":[\"column\"],\"items\":[{\"type\":\"Cloneable\",\"value\":{\"_styles\":[\"wrapper-clone\",\"wrapper-clone--icon\"],\"items\":[{\"type\":\"Icon\",\"value\":{\"_styles\":[\"icon\"],\"name\":\"play\",\"type\":\"fa\",\"hoverColorHex\":\"#0ad1bd\",\"hoverColorOpacity\":1,\"hoverColorPalette\":\"color3\",\"size\":\"custom\",\"customSize\":92,\"borderRadius\":0,\"tabletSize\":\"large\",\"tabletCustomSize\":64,\"_id\":\"x1P9YmcpQD7W\",\"tabsState\":\"normal\",\"padding\":0,\"paddingSuffix\":\"%\",\"colorHex\":\"#f91418\",\"colorOpacity\":1,\"colorPalette\":\"\",\"tempColorOpacity\":1,\"tempColorPalette\":\"\",\"linkType\":\"external\",\"linkExternal\":\"https:\/\/www.youtube.com\/@0xEvgen\/\",\"linkExternalBlank\":\"on\"}}],\"tabletHorizontalAlign\":\"center\",\"_id\":\"tDtRN_9H9Yhf\"}},{\"type\":\"Wrapper\",\"value\":{\"_styles\":[\"wrapper\",\"wrapper--richText\"],\"items\":[{\"type\":\"RichText\",\"value\":{\"_styles\":[\"richText\"],\"text\":\"<h5 class=\\\"brz-text-lg-center brz-tp-lg-heading5\\\" data-uniq-id=\\\"ih87h\\\" data-generated-css=\\\"brz-css-rMRXD\\\"><a data-href=\\\"%7B%22type%22%3A%22external%22%2C%22anchor%22%3A%22%22%2C%22external%22%3A%22https%3A%2F%2Fwww.youtube.com%2F%400xEvgen%2F%22%2C%22externalBlank%22%3A%22on%22%2C%22externalRel%22%3A%22off%22%2C%22externalType%22%3A%22external%22%2C%22population%22%3A%22%22%2C%22populationEntityId%22%3A%22%22%2C%22populationEntityType%22%3A%22%22%2C%22popup%22%3A%22%22%2C%22upload%22%3A%22%22%2C%22linkToSlide%22%3A1%2C%22internal%22%3A%22%22%2C%22internalBlank%22%3A%22off%22%2C%22pageTitle%22%3A%22%22%2C%22pageSource%22%3Anull%7D\\\" class=\\\"brz-cp-color2 link--external\\\">YouTube<\/a><\/h5>\",\"customCSS\":\"\",\"_id\":\"mAGViTKO0GVA\",\"_version\":2,\"link\":\"%7B%22type%22%3A%22external%22%2C%22anchor%22%3A%22%22%2C%22external%22%3A%22https%3A%2F%2Fwww.youtube.com%2F%400xEvgen%2F%22%2C%22externalBlank%22%3A%22on%22%2C%22externalRel%22%3A%22off%22%2C%22externalType%22%3A%22external%22%2C%22population%22%3A%22%22%2C%22populationEntityId%22%3A%22%22%2C%22populationEntityType%22%3A%22%22%2C%22popup%22%3A%22%22%2C%22upload%22%3A%22%22%2C%22linkToSlide%22%3A1%2C%22internal%22%3A%22%22%2C%22internalBlank%22%3A%22off%22%2C%22pageTitle%22%3A%22%22%2C%22pageSource%22%3Anull%7D\",\"linkExternal\":\"https:\/\/www.youtube.com\/@0xEvgen\/\"}}],\"className\":\"\",\"horizontalAlign\":\"center\",\"paddingType\":\"grouped\",\"padding\":0,\"paddingTop\":0,\"paddingRight\":0,\"paddingBottom\":0,\"paddingLeft\":0,\"paddingSuffix\":\"px\",\"paddingTopSuffix\":\"px\",\"paddingRightSuffix\":\"px\",\"paddingBottomSuffix\":\"px\",\"paddingLeftSuffix\":\"px\",\"marginType\":\"grouped\",\"margin\":0,\"marginTop\":10,\"marginRight\":0,\"marginBottom\":10,\"marginLeft\":0,\"marginSuffix\":\"px\",\"marginTopSuffix\":\"px\",\"marginRightSuffix\":\"px\",\"marginBottomSuffix\":\"px\",\"marginLeftSuffix\":\"px\",\"customClassName\":\"\",\"tabletHorizontalAlign\":null,\"tabletPaddingType\":\"grouped\",\"tabletPadding\":0,\"tabletPaddingTop\":0,\"tabletPaddingRight\":0,\"tabletPaddingBottom\":0,\"tabletPaddingLeft\":0,\"tabletPaddingSuffix\":\"px\",\"tabletPaddingTopSuffix\":\"px\",\"tabletPaddingRightSuffix\":\"px\",\"tabletPaddingBottomSuffix\":\"px\",\"tabletPaddingLeftSuffix\":\"px\",\"tabletMarginType\":\"ungrouped\",\"tabletMargin\":0,\"tabletMarginTop\":10,\"tabletMarginRight\":0,\"tabletMarginBottom\":10,\"tabletMarginLeft\":0,\"tabletMarginSuffix\":\"px\",\"tabletMarginTopSuffix\":\"px\",\"tabletMarginRightSuffix\":\"px\",\"tabletMarginBottomSuffix\":\"px\",\"tabletMarginLeftSuffix\":\"px\",\"mobileHorizontalAlign\":null,\"mobilePaddingType\":\"grouped\",\"mobilePadding\":0,\"mobilePaddingTop\":0,\"mobilePaddingRight\":0,\"mobilePaddingBottom\":0,\"mobilePaddingLeft\":0,\"mobilePaddingSuffix\":\"px\",\"mobilePaddingTopSuffix\":\"px\",\"mobilePaddingRightSuffix\":\"px\",\"mobilePaddingBottomSuffix\":\"px\",\"mobilePaddingLeftSuffix\":\"px\",\"mobileMarginType\":\"grouped\",\"mobileMargin\":0,\"mobileMarginTop\":10,\"mobileMarginRight\":0,\"mobileMarginBottom\":10,\"mobileMarginLeft\":0,\"mobileMarginSuffix\":\"px\",\"mobileMarginTopSuffix\":\"px\",\"mobileMarginRightSuffix\":\"px\",\"mobileMarginBottomSuffix\":\"px\",\"mobileMarginLeftSuffix\":\"px\",\"_id\":\"lLAI8V_yP_rT\"}}],\"width\":25.4,\"tabsState\":\"tabNormal\",\"tabsCurrentElement\":\"tabCurrentElement\",\"tabsColor\":\"tabOverlay\",\"bgColorPalette\":\"color8\",\"tempBgColorPalette\":\"color8\",\"bgColorOpacity\":1,\"borderRadius\":300,\"borderTopLeftRadius\":300,\"borderTopRightRadius\":300,\"borderBottomLeftRadius\":300,\"borderBottomRightRadius\":300,\"tempBorderTopLeftRadius\":300,\"tempBorderTopRightRadius\":300,\"tempBorderBottomLeftRadius\":300,\"tempBorderBottomRightRadius\":300,\"tabletPaddingRight\":20,\"tabletPaddingLeft\":20,\"mobilePaddingRight\":10,\"mobilePaddingLeft\":10,\"tempBorderRadius\":300,\"borderStyle\":\"solid\",\"borderWidth\":0,\"borderTopWidth\":0,\"borderRightWidth\":0,\"borderBottomWidth\":0,\"borderLeftWidth\":0,\"tempBorderTopWidth\":4,\"tempBorderRightWidth\":4,\"tempBorderBottomWidth\":4,\"tempBorderLeftWidth\":4,\"borderColorOpacity\":0,\"borderColorPalette\":\"\",\"marginType\":\"ungrouped\",\"marginRight\":15,\"marginRightSuffix\":\"px\",\"margin\":0,\"marginLeft\":15,\"marginLeftSuffix\":\"px\",\"boxShadow\":\"on\",\"boxShadowBlur\":40,\"boxShadowColorOpacity\":0.5,\"boxShadowSpread\":-21,\"boxShadowVertical\":17,\"boxShadowHorizontal\":0,\"boxShadowColorHex\":\"#000000\",\"tempBoxShadowColorOpacity\":0.5,\"boxShadowColorPalette\":\"\",\"tempBoxShadowColorPalette\":\"\",\"tabletWidth\":50,\"tabletMarginRight\":35,\"tabletMarginRightSuffix\":\"px\",\"tabletMargin\":0,\"tabletMarginLeft\":35,\"tabletMarginLeftSuffix\":\"px\",\"mobileMarginRight\":70,\"mobileMarginRightSuffix\":\"px\",\"mobileMargin\":10,\"mobileMarginLeft\":70,\"mobileMarginLeftSuffix\":\"px\",\"className\":\"\",\"tempBorderStyle\":\"solid\",\"hoverBorderStyle\":null,\"tempHoverBorderStyle\":null,\"borderWidthType\":\"grouped\",\"tempBorderWidth\":4,\"hoverBorderWidthType\":null,\"hoverBorderWidth\":null,\"hoverBorderTopWidth\":null,\"hoverBorderRightWidth\":null,\"hoverBorderBottomWidth\":null,\"hoverBorderLeftWidth\":null,\"tempHoverBorderWidth\":null,\"tempHoverBorderTopWidth\":null,\"tempHoverBorderRightWidth\":null,\"tempHoverBorderBottomWidth\":null,\"tempHoverBorderLeftWidth\":null,\"borderRadiusType\":\"grouped\",\"hoverBorderRadiusType\":null,\"hoverBorderRadius\":null,\"hoverBorderTopLeftRadius\":null,\"hoverBorderTopRightRadius\":null,\"hoverBorderBottomRightRadius\":null,\"hoverBorderBottomLeftRadius\":null,\"tempHoverBorderRadius\":null,\"tempHoverBorderTopLeftRadius\":null,\"tempHoverBorderTopRightRadius\":null,\"tempHoverBorderBottomRightRadius\":null,\"tempHoverBorderBottomLeftRadius\":null,\"bgColorType\":\"solid\",\"gradientActivePointer\":\"startPointer\",\"gradientStartPointer\":0,\"gradientFinishPointer\":100,\"gradientType\":\"linear\",\"gradientLinearDegree\":90,\"gradientRadialDegree\":90,\"hoverBgColorType\":null,\"hoverGradientActivePointer\":null,\"hoverGradientStartPointer\":null,\"hoverGradientFinishPointer\":null,\"hoverGradientType\":null,\"hoverGradientLinearDegree\":null,\"hoverGradientRadialDegree\":null,\"bgColorHex\":\"#000000\",\"tempBgColorOpacity\":1,\"hoverBgColorHex\":null,\"hoverBgColorOpacity\":null,\"hoverBgColorPalette\":null,\"tempHoverBgColorOpacity\":null,\"tempHoverBgColorPalette\":null,\"gradientColorHex\":\"#009900\",\"gradientColorOpacity\":1,\"gradientColorPalette\":\"\",\"tempGradientColorOpacity\":1,\"tempGradientColorPalette\":\"\",\"hoverGradientColorHex\":null,\"hoverGradientColorOpacity\":null,\"hoverGradientColorPalette\":null,\"tempHoverGradientColorOpacity\":null,\"tempHoverGradientColorPalette\":null,\"borderColorHex\":\"#66738d\",\"tempBorderColorOpacity\":1,\"tempBorderColorPalette\":\"\",\"hoverBorderColorHex\":null,\"hoverBorderColorOpacity\":null,\"hoverBorderColorPalette\":null,\"tempHoverBorderColorOpacity\":null,\"tempHoverBorderColorPalette\":null,\"tempBoxShadow\":\"on\",\"tempBoxShadowBlur\":4,\"tempBoxShadowSpread\":0,\"tempBoxShadowVertical\":2,\"tempBoxShadowHorizontal\":1,\"hoverBoxShadow\":null,\"tempHoverBoxShadow\":null,\"hoverBoxShadowColorHex\":null,\"hoverBoxShadowColorOpacity\":null,\"hoverBoxShadowColorPalette\":null,\"tempHoverBoxShadowColorPalette\":null,\"tempHoverBoxShadowColorOpacity\":null,\"hoverBoxShadowBlur\":null,\"hoverBoxShadowSpread\":null,\"hoverBoxShadowVertical\":null,\"hoverBoxShadowHorizontal\":null,\"tempHoverBoxShadowBlur\":null,\"tempHoverBoxShadowSpread\":null,\"tempHoverBoxShadowVertical\":null,\"tempHoverBoxShadowHorizontal\":null,\"hoverTransition\":50,\"verticalAlign\":\"center\",\"paddingType\":\"ungrouped\",\"padding\":15,\"paddingTop\":68,\"paddingRight\":15,\"paddingBottom\":68,\"paddingLeft\":15,\"paddingSuffix\":\"px\",\"paddingTopSuffix\":\"px\",\"paddingRightSuffix\":\"px\",\"paddingBottomSuffix\":\"px\",\"paddingLeftSuffix\":\"px\",\"marginTop\":0,\"marginBottom\":0,\"marginSuffix\":\"px\",\"marginTopSuffix\":\"px\",\"marginBottomSuffix\":\"px\",\"customClassName\":\"\",\"customCSS\":\"\",\"tabletBorderStyle\":null,\"tempTabletBorderStyle\":null,\"tabletBorderWidthType\":null,\"tabletBorderWidth\":null,\"tabletBorderTopWidth\":null,\"tabletBorderRightWidth\":null,\"tabletBorderBottomWidth\":null,\"tabletBorderLeftWidth\":null,\"tempTabletBorderWidth\":null,\"tempTabletBorderTopWidth\":null,\"tempTabletBorderRightWidth\":null,\"tempTabletBorderBottomWidth\":null,\"tempTabletBorderLeftWidth\":null,\"tabletBorderRadiusType\":null,\"tabletBorderRadius\":null,\"tabletBorderTopLeftRadius\":null,\"tabletBorderTopRightRadius\":null,\"tabletBorderBottomLeftRadius\":null,\"tabletBorderBottomRightRadius\":null,\"tempTabletBorderRadius\":null,\"tempTabletBorderTopLeftRadius\":null,\"tempTabletBorderTopRightRadius\":null,\"tempTabletBorderBottomLeftRadius\":null,\"tempTabletBorderBottomRightRadius\":null,\"tabletBgColorType\":null,\"tabletGradientStartPointer\":null,\"tabletGradientFinishPointer\":null,\"tabletGradientActivePointer\":null,\"tabletGradientType\":null,\"tabletGradientLinearDegree\":null,\"tabletGradientRadialDegree\":null,\"tabletBgColorHex\":null,\"tabletBgColorOpacity\":null,\"tabletBgColorPalette\":null,\"tempTabletBgColorOpacity\":null,\"tempTabletBgColorPalette\":null,\"tabletGradientColorHex\":null,\"tabletGradientColorOpacity\":null,\"tabletGradientColorPalette\":null,\"tempTabletGradientColorOpacity\":null,\"tempTabletGradientColorPalette\":null,\"tabletBorderColorHex\":null,\"tabletBorderColorOpacity\":null,\"tabletBorderColorPalette\":null,\"tempTabletBorderColorOpacity\":null,\"tempTabletBorderColorPalette\":null,\"tabletBoxShadow\":null,\"tempTabletBoxShadow\":null,\"tabletBoxShadowColorHex\":null,\"tabletBoxShadowColorOpacity\":null,\"tabletBoxShadowColorPalette\":null,\"tempTabletBoxShadowColorPalette\":null,\"tempTabletBoxShadowColorOpacity\":null,\"tabletBoxShadowBlur\":null,\"tabletBoxShadowSpread\":null,\"tabletBoxShadowVertical\":null,\"tabletBoxShadowHorizontal\":null,\"tempTabletBoxShadowBlur\":null,\"tempTabletBoxShadowSpread\":null,\"tempTabletBoxShadowVertical\":null,\"tempTabletBoxShadowHorizontal\":null,\"tabletVerticalAlign\":null,\"tabletPaddingType\":\"ungrouped\",\"tabletPadding\":76,\"tabletPaddingTop\":76,\"tabletPaddingBottom\":76,\"tabletPaddingSuffix\":\"px\",\"tabletPaddingTopSuffix\":\"px\",\"tabletPaddingRightSuffix\":\"px\",\"tabletPaddingBottomSuffix\":\"px\",\"tabletPaddingLeftSuffix\":\"px\",\"tempTabletPadding\":15,\"tempTabletPaddingTop\":5,\"tempTabletPaddingRight\":15,\"tempTabletPaddingBottom\":5,\"tempTabletPaddingLeft\":15,\"tabletMarginType\":\"ungrouped\",\"tabletMarginTop\":0,\"tabletMarginBottom\":0,\"tabletMarginSuffix\":\"px\",\"tabletMarginTopSuffix\":\"px\",\"tabletMarginBottomSuffix\":\"px\",\"mobileBgColorType\":null,\"mobileGradientStartPointer\":null,\"mobileGradientFinishPointer\":null,\"mobileGradientActivePointer\":null,\"mobileGradientType\":null,\"mobileGradientLinearDegree\":null,\"mobileGradientRadialDegree\":null,\"mobileBgColorHex\":null,\"mobileBgColorOpacity\":null,\"mobileBgColorPalette\":null,\"tempMobileBgColorOpacity\":null,\"tempMobileBgColorPalette\":null,\"mobileGradientColorHex\":null,\"mobileGradientColorOpacity\":null,\"mobileGradientColorPalette\":null,\"tempMobileGradientColorOpacity\":null,\"tempMobileGradientColorPalette\":null,\"mobileBorderStyle\":null,\"tempMobileBorderStyle\":null,\"mobileBorderWidthType\":null,\"mobileBorderWidth\":null,\"mobileBorderTopWidth\":null,\"mobileBorderRightWidth\":null,\"mobileBorderBottomWidth\":null,\"mobileBorderLeftWidth\":null,\"tempMobileBorderWidth\":null,\"tempMobileBorderTopWidth\":null,\"tempMobileBorderRightWidth\":null,\"tempMobileBorderBottomWidth\":null,\"tempMobileBorderLeftWidth\":null,\"mobileBorderRadiusType\":null,\"mobileBorderRadius\":null,\"mobileBorderTopLeftRadius\":null,\"mobileBorderTopRightRadius\":null,\"mobileBorderBottomLeftRadius\":null,\"mobileBorderBottomRightRadius\":null,\"tempMobileBorderRadius\":null,\"tempMobileBorderTopLeftRadius\":null,\"tempMobileBorderTopRightRadius\":null,\"tempMobileBorderBottomLeftRadius\":null,\"tempMobileBorderBottomRightRadius\":null,\"mobileBorderColorHex\":null,\"mobileBorderColorOpacity\":null,\"mobileBorderColorPalette\":null,\"tempMobileBorderColorOpacity\":null,\"tempMobileBorderColorPalette\":null,\"mobileBoxShadow\":null,\"tempMobileBoxShadow\":null,\"mobileBoxShadowColorHex\":null,\"mobileBoxShadowColorOpacity\":null,\"mobileBoxShadowColorPalette\":null,\"tempMobileBoxShadowColorPalette\":null,\"tempMobileBoxShadowColorOpacity\":null,\"mobileBoxShadowBlur\":null,\"mobileBoxShadowSpread\":null,\"mobileBoxShadowVertical\":null,\"mobileBoxShadowHorizontal\":null,\"tempMobileBoxShadowBlur\":null,\"tempMobileBoxShadowSpread\":null,\"tempMobileBoxShadowVertical\":null,\"tempMobileBoxShadowHorizontal\":null,\"mobileVerticalAlign\":null,\"mobilePaddingType\":\"ungrouped\",\"mobilePadding\":0,\"mobilePaddingTop\":32,\"mobilePaddingBottom\":32,\"mobilePaddingSuffix\":\"px\",\"mobilePaddingTopSuffix\":\"px\",\"mobilePaddingRightSuffix\":\"px\",\"mobilePaddingBottomSuffix\":\"px\",\"mobilePaddingLeftSuffix\":\"px\",\"tempMobilePadding\":10,\"tempMobilePaddingTop\":10,\"tempMobilePaddingRight\":10,\"tempMobilePaddingBottom\":10,\"tempMobilePaddingLeft\":10,\"mobileMarginType\":\"grouped\",\"mobileMarginTop\":10,\"mobileMarginBottom\":10,\"mobileMarginSuffix\":\"px\",\"mobileMarginTopSuffix\":\"px\",\"mobileMarginBottomSuffix\":\"px\",\"mobileWidth\":50,\"_id\":\"d4eEyZeB2nSV\",\"linkType\":\"external\",\"linkExternal\":\"https:\/\/www.youtube.com\/@0xEvgen\/\",\"linkExternalBlank\":\"on\"}},{\"type\":\"Column\",\"value\":{\"_styles\":[\"column\"],\"items\":[{\"type\":\"Cloneable\",\"value\":{\"_styles\":[\"wrapper-clone\",\"wrapper-clone--icon\"],\"items\":[{\"type\":\"Icon\",\"value\":{\"_styles\":[\"icon\"],\"name\":\"tiktok\",\"type\":\"fa\",\"hoverColorHex\":\"#0ad1bd\",\"hoverColorOpacity\":1,\"hoverColorPalette\":\"color3\",\"tabletSize\":\"large\",\"tabletCustomSize\":64,\"_id\":\"r7HpKTTQt4cm\",\"tabsState\":\"normal\",\"colorHex\":\"#9c05ca\",\"colorOpacity\":1,\"colorPalette\":\"\",\"tempColorOpacity\":1,\"tempColorPalette\":\"\",\"linkType\":\"external\",\"linkExternal\":\"https:\/\/www.tiktok.com\/@0xevgen.eth\/\",\"customSize\":78,\"size\":\"custom\",\"linkExternalBlank\":\"on\"}}],\"_id\":\"kX0Ci9HhhAab\"}},{\"type\":\"Wrapper\",\"value\":{\"_styles\":[\"wrapper\",\"wrapper--richText\"],\"items\":[{\"type\":\"RichText\",\"value\":{\"_styles\":[\"richText\"],\"text\":\"<h5 class=\\\"brz-tp-lg-heading5 brz-text-lg-center\\\" data-generated-css=\\\"brz-css-dWlGB\\\" data-uniq-id=\\\"kFLlG\\\"><a data-href=\\\"%7B%22type%22%3A%22external%22%2C%22anchor%22%3A%22%22%2C%22external%22%3A%22https%3A%2F%2Fwww.tiktok.com%2F%400xevgen.eth%2F%22%2C%22externalBlank%22%3A%22off%22%2C%22externalRel%22%3A%22off%22%2C%22externalType%22%3A%22external%22%2C%22population%22%3A%22%22%2C%22populationEntityId%22%3A%22%22%2C%22populationEntityType%22%3A%22%22%2C%22popup%22%3A%22%22%2C%22upload%22%3A%22%22%2C%22linkToSlide%22%3A1%2C%22internal%22%3A%22%22%2C%22internalBlank%22%3A%22off%22%2C%22pageTitle%22%3A%22%22%2C%22pageSource%22%3Anull%7D\\\" class=\\\"brz-cp-color2 link--external\\\">Tiktok<\/a><\/h5>\",\"customCSS\":\"\",\"_id\":\"x6OQK5NLBZ6x\",\"_version\":2,\"link\":\"%7B%22type%22%3A%22external%22%2C%22anchor%22%3A%22%22%2C%22external%22%3A%22https%3A%2F%2Fwww.tiktok.com%2F%400xevgen.eth%2F%22%2C%22externalBlank%22%3A%22off%22%2C%22externalRel%22%3A%22off%22%2C%22externalType%22%3A%22external%22%2C%22population%22%3A%22%22%2C%22populationEntityId%22%3A%22%22%2C%22populationEntityType%22%3A%22%22%2C%22popup%22%3A%22%22%2C%22upload%22%3A%22%22%2C%22linkToSlide%22%3A1%2C%22internal%22%3A%22%22%2C%22internalBlank%22%3A%22off%22%2C%22pageTitle%22%3A%22%22%2C%22pageSource%22%3Anull%7D\",\"linkExternal\":\"https:\/\/www.tiktok.com\/@0xevgen.eth\/\"}}],\"className\":\"\",\"horizontalAlign\":\"center\",\"paddingType\":\"grouped\",\"padding\":0,\"paddingTop\":0,\"paddingRight\":0,\"paddingBottom\":0,\"paddingLeft\":0,\"paddingSuffix\":\"px\",\"paddingTopSuffix\":\"px\",\"paddingRightSuffix\":\"px\",\"paddingBottomSuffix\":\"px\",\"paddingLeftSuffix\":\"px\",\"marginType\":\"grouped\",\"margin\":0,\"marginTop\":10,\"marginRight\":0,\"marginBottom\":10,\"marginLeft\":0,\"marginSuffix\":\"px\",\"marginTopSuffix\":\"px\",\"marginRightSuffix\":\"px\",\"marginBottomSuffix\":\"px\",\"marginLeftSuffix\":\"px\",\"customClassName\":\"\",\"tabletHorizontalAlign\":null,\"tabletPaddingType\":\"grouped\",\"tabletPadding\":0,\"tabletPaddingTop\":0,\"tabletPaddingRight\":0,\"tabletPaddingBottom\":0,\"tabletPaddingLeft\":0,\"tabletPaddingSuffix\":\"px\",\"tabletPaddingTopSuffix\":\"px\",\"tabletPaddingRightSuffix\":\"px\",\"tabletPaddingBottomSuffix\":\"px\",\"tabletPaddingLeftSuffix\":\"px\",\"tabletMarginType\":\"ungrouped\",\"tabletMargin\":0,\"tabletMarginTop\":10,\"tabletMarginRight\":0,\"tabletMarginBottom\":10,\"tabletMarginLeft\":0,\"tabletMarginSuffix\":\"px\",\"tabletMarginTopSuffix\":\"px\",\"tabletMarginRightSuffix\":\"px\",\"tabletMarginBottomSuffix\":\"px\",\"tabletMarginLeftSuffix\":\"px\",\"mobileHorizontalAlign\":null,\"mobilePaddingType\":\"grouped\",\"mobilePadding\":0,\"mobilePaddingTop\":0,\"mobilePaddingRight\":0,\"mobilePaddingBottom\":0,\"mobilePaddingLeft\":0,\"mobilePaddingSuffix\":\"px\",\"mobilePaddingTopSuffix\":\"px\",\"mobilePaddingRightSuffix\":\"px\",\"mobilePaddingBottomSuffix\":\"px\",\"mobilePaddingLeftSuffix\":\"px\",\"mobileMarginType\":\"grouped\",\"mobileMargin\":0,\"mobileMarginTop\":10,\"mobileMarginRight\":0,\"mobileMarginBottom\":10,\"mobileMarginLeft\":0,\"mobileMarginSuffix\":\"px\",\"mobileMarginTopSuffix\":\"px\",\"mobileMarginRightSuffix\":\"px\",\"mobileMarginBottomSuffix\":\"px\",\"mobileMarginLeftSuffix\":\"px\",\"_id\":\"uZiVfu8LyCH0\"}}],\"width\":25,\"tabsState\":\"tabNormal\",\"tabsCurrentElement\":\"tabCurrentElement\",\"tabsColor\":\"tabOverlay\",\"bgColorPalette\":\"color8\",\"tempBgColorPalette\":\"color8\",\"bgColorOpacity\":1,\"borderRadius\":300,\"borderTopLeftRadius\":300,\"borderTopRightRadius\":300,\"borderBottomLeftRadius\":300,\"borderBottomRightRadius\":300,\"tempBorderTopLeftRadius\":300,\"tempBorderTopRightRadius\":300,\"tempBorderBottomLeftRadius\":300,\"tempBorderBottomRightRadius\":300,\"tabletPaddingRight\":20,\"tabletPaddingLeft\":20,\"mobilePaddingRight\":10,\"mobilePaddingLeft\":10,\"tempBorderRadius\":300,\"borderStyle\":\"solid\",\"borderWidth\":0,\"borderTopWidth\":0,\"borderRightWidth\":0,\"borderBottomWidth\":0,\"borderLeftWidth\":0,\"tempBorderTopWidth\":4,\"tempBorderRightWidth\":4,\"tempBorderBottomWidth\":4,\"tempBorderLeftWidth\":4,\"borderColorOpacity\":0,\"borderColorPalette\":\"\",\"marginType\":\"ungrouped\",\"marginRight\":15,\"marginRightSuffix\":\"px\",\"margin\":0,\"marginLeft\":15,\"marginLeftSuffix\":\"px\",\"boxShadow\":\"on\",\"boxShadowBlur\":40,\"boxShadowColorOpacity\":0.5,\"boxShadowSpread\":-21,\"boxShadowVertical\":17,\"boxShadowHorizontal\":0,\"boxShadowColorHex\":\"#000000\",\"tempBoxShadowColorOpacity\":0.5,\"boxShadowColorPalette\":\"\",\"tempBoxShadowColorPalette\":\"\",\"tabletWidth\":50,\"tabletMarginRight\":35,\"tabletMarginRightSuffix\":\"px\",\"tabletMargin\":0,\"tabletMarginLeft\":35,\"tabletMarginLeftSuffix\":\"px\",\"mobileMarginRight\":10,\"mobileMarginRightSuffix\":\"px\",\"mobileMargin\":10,\"mobileMarginLeft\":10,\"mobileMarginLeftSuffix\":\"px\",\"className\":\"\",\"tempBorderStyle\":\"solid\",\"hoverBorderStyle\":null,\"tempHoverBorderStyle\":null,\"borderWidthType\":\"grouped\",\"tempBorderWidth\":4,\"hoverBorderWidthType\":null,\"hoverBorderWidth\":null,\"hoverBorderTopWidth\":null,\"hoverBorderRightWidth\":null,\"hoverBorderBottomWidth\":null,\"hoverBorderLeftWidth\":null,\"tempHoverBorderWidth\":null,\"tempHoverBorderTopWidth\":null,\"tempHoverBorderRightWidth\":null,\"tempHoverBorderBottomWidth\":null,\"tempHoverBorderLeftWidth\":null,\"borderRadiusType\":\"grouped\",\"hoverBorderRadiusType\":null,\"hoverBorderRadius\":null,\"hoverBorderTopLeftRadius\":null,\"hoverBorderTopRightRadius\":null,\"hoverBorderBottomRightRadius\":null,\"hoverBorderBottomLeftRadius\":null,\"tempHoverBorderRadius\":null,\"tempHoverBorderTopLeftRadius\":null,\"tempHoverBorderTopRightRadius\":null,\"tempHoverBorderBottomRightRadius\":null,\"tempHoverBorderBottomLeftRadius\":null,\"bgColorType\":\"solid\",\"gradientActivePointer\":\"startPointer\",\"gradientStartPointer\":0,\"gradientFinishPointer\":100,\"gradientType\":\"linear\",\"gradientLinearDegree\":90,\"gradientRadialDegree\":90,\"hoverBgColorType\":null,\"hoverGradientActivePointer\":null,\"hoverGradientStartPointer\":null,\"hoverGradientFinishPointer\":null,\"hoverGradientType\":null,\"hoverGradientLinearDegree\":null,\"hoverGradientRadialDegree\":null,\"bgColorHex\":\"#000000\",\"tempBgColorOpacity\":1,\"hoverBgColorHex\":null,\"hoverBgColorOpacity\":null,\"hoverBgColorPalette\":null,\"tempHoverBgColorOpacity\":null,\"tempHoverBgColorPalette\":null,\"gradientColorHex\":\"#009900\",\"gradientColorOpacity\":1,\"gradientColorPalette\":\"\",\"tempGradientColorOpacity\":1,\"tempGradientColorPalette\":\"\",\"hoverGradientColorHex\":null,\"hoverGradientColorOpacity\":null,\"hoverGradientColorPalette\":null,\"tempHoverGradientColorOpacity\":null,\"tempHoverGradientColorPalette\":null,\"borderColorHex\":\"#66738d\",\"tempBorderColorOpacity\":1,\"tempBorderColorPalette\":\"\",\"hoverBorderColorHex\":null,\"hoverBorderColorOpacity\":null,\"hoverBorderColorPalette\":null,\"tempHoverBorderColorOpacity\":null,\"tempHoverBorderColorPalette\":null,\"tempBoxShadow\":\"on\",\"tempBoxShadowBlur\":4,\"tempBoxShadowSpread\":0,\"tempBoxShadowVertical\":2,\"tempBoxShadowHorizontal\":1,\"hoverBoxShadow\":null,\"tempHoverBoxShadow\":null,\"hoverBoxShadowColorHex\":null,\"hoverBoxShadowColorOpacity\":null,\"hoverBoxShadowColorPalette\":null,\"tempHoverBoxShadowColorPalette\":null,\"tempHoverBoxShadowColorOpacity\":null,\"hoverBoxShadowBlur\":null,\"hoverBoxShadowSpread\":null,\"hoverBoxShadowVertical\":null,\"hoverBoxShadowHorizontal\":null,\"tempHoverBoxShadowBlur\":null,\"tempHoverBoxShadowSpread\":null,\"tempHoverBoxShadowVertical\":null,\"tempHoverBoxShadowHorizontal\":null,\"hoverTransition\":50,\"verticalAlign\":\"center\",\"paddingType\":\"ungrouped\",\"padding\":15,\"paddingTop\":68,\"paddingRight\":15,\"paddingBottom\":68,\"paddingLeft\":15,\"paddingSuffix\":\"px\",\"paddingTopSuffix\":\"px\",\"paddingRightSuffix\":\"px\",\"paddingBottomSuffix\":\"px\",\"paddingLeftSuffix\":\"px\",\"marginTop\":0,\"marginBottom\":0,\"marginSuffix\":\"px\",\"marginTopSuffix\":\"px\",\"marginBottomSuffix\":\"px\",\"customClassName\":\"\",\"customCSS\":\"\",\"tabletBorderStyle\":null,\"tempTabletBorderStyle\":null,\"tabletBorderWidthType\":null,\"tabletBorderWidth\":null,\"tabletBorderTopWidth\":null,\"tabletBorderRightWidth\":null,\"tabletBorderBottomWidth\":null,\"tabletBorderLeftWidth\":null,\"tempTabletBorderWidth\":null,\"tempTabletBorderTopWidth\":null,\"tempTabletBorderRightWidth\":null,\"tempTabletBorderBottomWidth\":null,\"tempTabletBorderLeftWidth\":null,\"tabletBorderRadiusType\":null,\"tabletBorderRadius\":null,\"tabletBorderTopLeftRadius\":null,\"tabletBorderTopRightRadius\":null,\"tabletBorderBottomLeftRadius\":null,\"tabletBorderBottomRightRadius\":null,\"tempTabletBorderRadius\":null,\"tempTabletBorderTopLeftRadius\":null,\"tempTabletBorderTopRightRadius\":null,\"tempTabletBorderBottomLeftRadius\":null,\"tempTabletBorderBottomRightRadius\":null,\"tabletBgColorType\":null,\"tabletGradientStartPointer\":null,\"tabletGradientFinishPointer\":null,\"tabletGradientActivePointer\":null,\"tabletGradientType\":null,\"tabletGradientLinearDegree\":null,\"tabletGradientRadialDegree\":null,\"tabletBgColorHex\":null,\"tabletBgColorOpacity\":null,\"tabletBgColorPalette\":null,\"tempTabletBgColorOpacity\":null,\"tempTabletBgColorPalette\":null,\"tabletGradientColorHex\":null,\"tabletGradientColorOpacity\":null,\"tabletGradientColorPalette\":null,\"tempTabletGradientColorOpacity\":null,\"tempTabletGradientColorPalette\":null,\"tabletBorderColorHex\":null,\"tabletBorderColorOpacity\":null,\"tabletBorderColorPalette\":null,\"tempTabletBorderColorOpacity\":null,\"tempTabletBorderColorPalette\":null,\"tabletBoxShadow\":null,\"tempTabletBoxShadow\":null,\"tabletBoxShadowColorHex\":null,\"tabletBoxShadowColorOpacity\":null,\"tabletBoxShadowColorPalette\":null,\"tempTabletBoxShadowColorPalette\":null,\"tempTabletBoxShadowColorOpacity\":null,\"tabletBoxShadowBlur\":null,\"tabletBoxShadowSpread\":null,\"tabletBoxShadowVertical\":null,\"tabletBoxShadowHorizontal\":null,\"tempTabletBoxShadowBlur\":null,\"tempTabletBoxShadowSpread\":null,\"tempTabletBoxShadowVertical\":null,\"tempTabletBoxShadowHorizontal\":null,\"tabletVerticalAlign\":null,\"tabletPaddingType\":\"ungrouped\",\"tabletPadding\":76,\"tabletPaddingTop\":76,\"tabletPaddingBottom\":76,\"tabletPaddingSuffix\":\"px\",\"tabletPaddingTopSuffix\":\"px\",\"tabletPaddingRightSuffix\":\"px\",\"tabletPaddingBottomSuffix\":\"px\",\"tabletPaddingLeftSuffix\":\"px\",\"tempTabletPadding\":15,\"tempTabletPaddingTop\":5,\"tempTabletPaddingRight\":15,\"tempTabletPaddingBottom\":5,\"tempTabletPaddingLeft\":15,\"tabletMarginType\":\"ungrouped\",\"tabletMarginTop\":0,\"tabletMarginBottom\":0,\"tabletMarginSuffix\":\"px\",\"tabletMarginTopSuffix\":\"px\",\"tabletMarginBottomSuffix\":\"px\",\"mobileBgColorType\":null,\"mobileGradientStartPointer\":null,\"mobileGradientFinishPointer\":null,\"mobileGradientActivePointer\":null,\"mobileGradientType\":null,\"mobileGradientLinearDegree\":null,\"mobileGradientRadialDegree\":null,\"mobileBgColorHex\":null,\"mobileBgColorOpacity\":null,\"mobileBgColorPalette\":null,\"tempMobileBgColorOpacity\":null,\"tempMobileBgColorPalette\":null,\"mobileGradientColorHex\":null,\"mobileGradientColorOpacity\":null,\"mobileGradientColorPalette\":null,\"tempMobileGradientColorOpacity\":null,\"tempMobileGradientColorPalette\":null,\"mobileBorderStyle\":null,\"tempMobileBorderStyle\":null,\"mobileBorderWidthType\":null,\"mobileBorderWidth\":null,\"mobileBorderTopWidth\":null,\"mobileBorderRightWidth\":null,\"mobileBorderBottomWidth\":null,\"mobileBorderLeftWidth\":null,\"tempMobileBorderWidth\":null,\"tempMobileBorderTopWidth\":null,\"tempMobileBorderRightWidth\":null,\"tempMobileBorderBottomWidth\":null,\"tempMobileBorderLeftWidth\":null,\"mobileBorderRadiusType\":null,\"mobileBorderRadius\":null,\"mobileBorderTopLeftRadius\":null,\"mobileBorderTopRightRadius\":null,\"mobileBorderBottomLeftRadius\":null,\"mobileBorderBottomRightRadius\":null,\"tempMobileBorderRadius\":null,\"tempMobileBorderTopLeftRadius\":null,\"tempMobileBorderTopRightRadius\":null,\"tempMobileBorderBottomLeftRadius\":null,\"tempMobileBorderBottomRightRadius\":null,\"mobileBorderColorHex\":null,\"mobileBorderColorOpacity\":null,\"mobileBorderColorPalette\":null,\"tempMobileBorderColorOpacity\":null,\"tempMobileBorderColorPalette\":null,\"mobileBoxShadow\":null,\"tempMobileBoxShadow\":null,\"mobileBoxShadowColorHex\":null,\"mobileBoxShadowColorOpacity\":null,\"mobileBoxShadowColorPalette\":null,\"tempMobileBoxShadowColorPalette\":null,\"tempMobileBoxShadowColorOpacity\":null,\"mobileBoxShadowBlur\":null,\"mobileBoxShadowSpread\":null,\"mobileBoxShadowVertical\":null,\"mobileBoxShadowHorizontal\":null,\"tempMobileBoxShadowBlur\":null,\"tempMobileBoxShadowSpread\":null,\"tempMobileBoxShadowVertical\":null,\"tempMobileBoxShadowHorizontal\":null,\"mobileVerticalAlign\":null,\"mobilePaddingType\":\"ungrouped\",\"mobilePadding\":0,\"mobilePaddingTop\":40,\"mobilePaddingBottom\":40,\"mobilePaddingSuffix\":\"px\",\"mobilePaddingTopSuffix\":\"px\",\"mobilePaddingRightSuffix\":\"px\",\"mobilePaddingBottomSuffix\":\"px\",\"mobilePaddingLeftSuffix\":\"px\",\"tempMobilePadding\":10,\"tempMobilePaddingTop\":10,\"tempMobilePaddingRight\":10,\"tempMobilePaddingBottom\":10,\"tempMobilePaddingLeft\":10,\"mobileMarginType\":\"ungrouped\",\"mobileMarginTop\":30,\"mobileMarginBottom\":0,\"mobileMarginSuffix\":\"px\",\"mobileMarginTopSuffix\":\"px\",\"mobileMarginBottomSuffix\":\"px\",\"mobileWidth\":50,\"_id\":\"lTN_YAW3BK7Y\",\"linkType\":\"external\",\"linkExternal\":\"https:\/\/www.tiktok.com\/@0xevgen.eth\/\",\"linkExternalBlank\":\"on\"}},{\"type\":\"Column\",\"value\":{\"_styles\":[\"column\"],\"items\":[{\"type\":\"Cloneable\",\"value\":{\"_styles\":[\"wrapper-clone\",\"wrapper-clone--icon\"],\"items\":[{\"type\":\"Icon\",\"value\":{\"_styles\":[\"icon\"],\"name\":\"instagram\",\"type\":\"fa\",\"hoverColorHex\":\"#0ad1bd\",\"hoverColorOpacity\":1,\"hoverColorPalette\":\"color3\",\"tabletSize\":\"large\",\"tabletCustomSize\":64,\"_id\":\"jCuGYuzJslEJ\",\"tabsState\":\"normal\",\"colorHex\":\"#ca7205\",\"colorOpacity\":1,\"colorPalette\":\"\",\"tempColorOpacity\":1,\"tempColorPalette\":\"\",\"linkType\":\"external\",\"linkExternal\":\"https:\/\/www.instagram.com\/0xevgen.eth\/\",\"customSize\":86,\"size\":\"custom\",\"linkExternalBlank\":\"on\"}}],\"_id\":\"j2ODVrRnk2fu\"}},{\"type\":\"Wrapper\",\"value\":{\"_styles\":[\"wrapper\",\"wrapper--richText\"],\"items\":[{\"type\":\"RichText\",\"value\":{\"_styles\":[\"richText\"],\"text\":\"<h5 class=\\\"brz-text-lg-center brz-tp-lg-heading5\\\" data-uniq-id=\\\"eVFzy\\\" data-generated-css=\\\"brz-css-moI5a\\\"><a data-href=\\\"%7B%22type%22%3A%22external%22%2C%22anchor%22%3A%22%22%2C%22external%22%3A%22https%3A%2F%2Fwww.instagram.com%2F0xevgen.eth%2F%22%2C%22externalBlank%22%3A%22on%22%2C%22externalRel%22%3A%22off%22%2C%22externalType%22%3A%22external%22%2C%22population%22%3A%22%22%2C%22populationEntityId%22%3A%22%22%2C%22populationEntityType%22%3A%22%22%2C%22popup%22%3A%22%22%2C%22upload%22%3A%22%22%2C%22linkToSlide%22%3A1%2C%22internal%22%3A%22%22%2C%22internalBlank%22%3A%22off%22%2C%22pageTitle%22%3A%22%22%2C%22pageSource%22%3Anull%7D\\\" class=\\\"brz-cp-color2 link--external\\\">Instagram<\/a><\/h5>\",\"customCSS\":\"\",\"_id\":\"bWFBntQaAjKC\",\"_version\":2,\"link\":\"%7B%22type%22%3A%22external%22%2C%22anchor%22%3A%22%22%2C%22external%22%3A%22https%3A%2F%2Fwww.instagram.com%2F0xevgen.eth%2F%22%2C%22externalBlank%22%3A%22on%22%2C%22externalRel%22%3A%22off%22%2C%22externalType%22%3A%22external%22%2C%22population%22%3A%22%22%2C%22populationEntityId%22%3A%22%22%2C%22populationEntityType%22%3A%22%22%2C%22popup%22%3A%22%22%2C%22upload%22%3A%22%22%2C%22linkToSlide%22%3A1%2C%22internal%22%3A%22%22%2C%22internalBlank%22%3A%22off%22%2C%22pageTitle%22%3A%22%22%2C%22pageSource%22%3Anull%7D\",\"linkExternal\":\"https:\/\/www.instagram.com\/0xevgen.eth\/\"}}],\"className\":\"\",\"horizontalAlign\":\"center\",\"paddingType\":\"grouped\",\"padding\":0,\"paddingTop\":0,\"paddingRight\":0,\"paddingBottom\":0,\"paddingLeft\":0,\"paddingSuffix\":\"px\",\"paddingTopSuffix\":\"px\",\"paddingRightSuffix\":\"px\",\"paddingBottomSuffix\":\"px\",\"paddingLeftSuffix\":\"px\",\"marginType\":\"grouped\",\"margin\":0,\"marginTop\":10,\"marginRight\":0,\"marginBottom\":10,\"marginLeft\":0,\"marginSuffix\":\"px\",\"marginTopSuffix\":\"px\",\"marginRightSuffix\":\"px\",\"marginBottomSuffix\":\"px\",\"marginLeftSuffix\":\"px\",\"customClassName\":\"\",\"tabletHorizontalAlign\":null,\"tabletPaddingType\":\"grouped\",\"tabletPadding\":0,\"tabletPaddingTop\":0,\"tabletPaddingRight\":0,\"tabletPaddingBottom\":0,\"tabletPaddingLeft\":0,\"tabletPaddingSuffix\":\"px\",\"tabletPaddingTopSuffix\":\"px\",\"tabletPaddingRightSuffix\":\"px\",\"tabletPaddingBottomSuffix\":\"px\",\"tabletPaddingLeftSuffix\":\"px\",\"tabletMarginType\":\"ungrouped\",\"tabletMargin\":0,\"tabletMarginTop\":10,\"tabletMarginRight\":0,\"tabletMarginBottom\":10,\"tabletMarginLeft\":0,\"tabletMarginSuffix\":\"px\",\"tabletMarginTopSuffix\":\"px\",\"tabletMarginRightSuffix\":\"px\",\"tabletMarginBottomSuffix\":\"px\",\"tabletMarginLeftSuffix\":\"px\",\"mobileHorizontalAlign\":null,\"mobilePaddingType\":\"grouped\",\"mobilePadding\":0,\"mobilePaddingTop\":0,\"mobilePaddingRight\":0,\"mobilePaddingBottom\":0,\"mobilePaddingLeft\":0,\"mobilePaddingSuffix\":\"px\",\"mobilePaddingTopSuffix\":\"px\",\"mobilePaddingRightSuffix\":\"px\",\"mobilePaddingBottomSuffix\":\"px\",\"mobilePaddingLeftSuffix\":\"px\",\"mobileMarginType\":\"grouped\",\"mobileMargin\":0,\"mobileMarginTop\":10,\"mobileMarginRight\":0,\"mobileMarginBottom\":10,\"mobileMarginLeft\":0,\"mobileMarginSuffix\":\"px\",\"mobileMarginTopSuffix\":\"px\",\"mobileMarginRightSuffix\":\"px\",\"mobileMarginBottomSuffix\":\"px\",\"mobileMarginLeftSuffix\":\"px\",\"_id\":\"fcx_eQORDxf3\"}}],\"width\":25,\"tabsState\":\"tabNormal\",\"tabsCurrentElement\":\"tabCurrentElement\",\"tabsColor\":\"tabOverlay\",\"bgColorPalette\":\"color8\",\"tempBgColorPalette\":\"color8\",\"bgColorOpacity\":1,\"borderRadius\":300,\"borderTopLeftRadius\":300,\"borderTopRightRadius\":300,\"borderBottomLeftRadius\":300,\"borderBottomRightRadius\":300,\"tempBorderTopLeftRadius\":300,\"tempBorderTopRightRadius\":300,\"tempBorderBottomLeftRadius\":300,\"tempBorderBottomRightRadius\":300,\"tabletPaddingRight\":20,\"tabletPaddingLeft\":20,\"mobilePaddingRight\":10,\"mobilePaddingLeft\":10,\"tempBorderRadius\":300,\"borderStyle\":\"solid\",\"borderWidth\":0,\"borderTopWidth\":0,\"borderRightWidth\":0,\"borderBottomWidth\":0,\"borderLeftWidth\":0,\"tempBorderTopWidth\":4,\"tempBorderRightWidth\":4,\"tempBorderBottomWidth\":4,\"tempBorderLeftWidth\":4,\"borderColorOpacity\":0,\"borderColorPalette\":\"\",\"marginType\":\"ungrouped\",\"marginRight\":15,\"marginRightSuffix\":\"px\",\"margin\":0,\"marginLeft\":15,\"marginLeftSuffix\":\"px\",\"boxShadow\":\"on\",\"boxShadowBlur\":40,\"boxShadowColorOpacity\":0.5,\"boxShadowSpread\":-21,\"boxShadowVertical\":17,\"boxShadowHorizontal\":0,\"boxShadowColorHex\":\"#000000\",\"tempBoxShadowColorOpacity\":0.5,\"boxShadowColorPalette\":\"\",\"tempBoxShadowColorPalette\":\"\",\"tabletWidth\":50,\"tabletMarginRight\":35,\"tabletMarginRightSuffix\":\"px\",\"tabletMargin\":0,\"tabletMarginLeft\":35,\"tabletMarginLeftSuffix\":\"px\",\"mobileMarginRight\":10,\"mobileMarginRightSuffix\":\"px\",\"mobileMargin\":10,\"mobileMarginLeft\":10,\"mobileMarginLeftSuffix\":\"px\",\"className\":\"\",\"tempBorderStyle\":\"solid\",\"hoverBorderStyle\":null,\"tempHoverBorderStyle\":null,\"borderWidthType\":\"grouped\",\"tempBorderWidth\":4,\"hoverBorderWidthType\":null,\"hoverBorderWidth\":null,\"hoverBorderTopWidth\":null,\"hoverBorderRightWidth\":null,\"hoverBorderBottomWidth\":null,\"hoverBorderLeftWidth\":null,\"tempHoverBorderWidth\":null,\"tempHoverBorderTopWidth\":null,\"tempHoverBorderRightWidth\":null,\"tempHoverBorderBottomWidth\":null,\"tempHoverBorderLeftWidth\":null,\"borderRadiusType\":\"grouped\",\"hoverBorderRadiusType\":null,\"hoverBorderRadius\":null,\"hoverBorderTopLeftRadius\":null,\"hoverBorderTopRightRadius\":null,\"hoverBorderBottomRightRadius\":null,\"hoverBorderBottomLeftRadius\":null,\"tempHoverBorderRadius\":null,\"tempHoverBorderTopLeftRadius\":null,\"tempHoverBorderTopRightRadius\":null,\"tempHoverBorderBottomRightRadius\":null,\"tempHoverBorderBottomLeftRadius\":null,\"bgColorType\":\"solid\",\"gradientActivePointer\":\"startPointer\",\"gradientStartPointer\":0,\"gradientFinishPointer\":100,\"gradientType\":\"linear\",\"gradientLinearDegree\":90,\"gradientRadialDegree\":90,\"hoverBgColorType\":null,\"hoverGradientActivePointer\":null,\"hoverGradientStartPointer\":null,\"hoverGradientFinishPointer\":null,\"hoverGradientType\":null,\"hoverGradientLinearDegree\":null,\"hoverGradientRadialDegree\":null,\"bgColorHex\":\"#000000\",\"tempBgColorOpacity\":1,\"hoverBgColorHex\":null,\"hoverBgColorOpacity\":null,\"hoverBgColorPalette\":null,\"tempHoverBgColorOpacity\":null,\"tempHoverBgColorPalette\":null,\"gradientColorHex\":\"#009900\",\"gradientColorOpacity\":1,\"gradientColorPalette\":\"\",\"tempGradientColorOpacity\":1,\"tempGradientColorPalette\":\"\",\"hoverGradientColorHex\":null,\"hoverGradientColorOpacity\":null,\"hoverGradientColorPalette\":null,\"tempHoverGradientColorOpacity\":null,\"tempHoverGradientColorPalette\":null,\"borderColorHex\":\"#66738d\",\"tempBorderColorOpacity\":1,\"tempBorderColorPalette\":\"\",\"hoverBorderColorHex\":null,\"hoverBorderColorOpacity\":null,\"hoverBorderColorPalette\":null,\"tempHoverBorderColorOpacity\":null,\"tempHoverBorderColorPalette\":null,\"tempBoxShadow\":\"on\",\"tempBoxShadowBlur\":4,\"tempBoxShadowSpread\":0,\"tempBoxShadowVertical\":2,\"tempBoxShadowHorizontal\":1,\"hoverBoxShadow\":null,\"tempHoverBoxShadow\":null,\"hoverBoxShadowColorHex\":null,\"hoverBoxShadowColorOpacity\":null,\"hoverBoxShadowColorPalette\":null,\"tempHoverBoxShadowColorPalette\":null,\"tempHoverBoxShadowColorOpacity\":null,\"hoverBoxShadowBlur\":null,\"hoverBoxShadowSpread\":null,\"hoverBoxShadowVertical\":null,\"hoverBoxShadowHorizontal\":null,\"tempHoverBoxShadowBlur\":null,\"tempHoverBoxShadowSpread\":null,\"tempHoverBoxShadowVertical\":null,\"tempHoverBoxShadowHorizontal\":null,\"hoverTransition\":50,\"verticalAlign\":\"center\",\"paddingType\":\"ungrouped\",\"padding\":15,\"paddingTop\":68,\"paddingRight\":15,\"paddingBottom\":68,\"paddingLeft\":15,\"paddingSuffix\":\"px\",\"paddingTopSuffix\":\"px\",\"paddingRightSuffix\":\"px\",\"paddingBottomSuffix\":\"px\",\"paddingLeftSuffix\":\"px\",\"marginTop\":0,\"marginBottom\":0,\"marginSuffix\":\"px\",\"marginTopSuffix\":\"px\",\"marginBottomSuffix\":\"px\",\"customClassName\":\"\",\"customCSS\":\"\",\"tabletBorderStyle\":null,\"tempTabletBorderStyle\":null,\"tabletBorderWidthType\":null,\"tabletBorderWidth\":null,\"tabletBorderTopWidth\":null,\"tabletBorderRightWidth\":null,\"tabletBorderBottomWidth\":null,\"tabletBorderLeftWidth\":null,\"tempTabletBorderWidth\":null,\"tempTabletBorderTopWidth\":null,\"tempTabletBorderRightWidth\":null,\"tempTabletBorderBottomWidth\":null,\"tempTabletBorderLeftWidth\":null,\"tabletBorderRadiusType\":null,\"tabletBorderRadius\":null,\"tabletBorderTopLeftRadius\":null,\"tabletBorderTopRightRadius\":null,\"tabletBorderBottomLeftRadius\":null,\"tabletBorderBottomRightRadius\":null,\"tempTabletBorderRadius\":null,\"tempTabletBorderTopLeftRadius\":null,\"tempTabletBorderTopRightRadius\":null,\"tempTabletBorderBottomLeftRadius\":null,\"tempTabletBorderBottomRightRadius\":null,\"tabletBgColorType\":null,\"tabletGradientStartPointer\":null,\"tabletGradientFinishPointer\":null,\"tabletGradientActivePointer\":null,\"tabletGradientType\":null,\"tabletGradientLinearDegree\":null,\"tabletGradientRadialDegree\":null,\"tabletBgColorHex\":null,\"tabletBgColorOpacity\":null,\"tabletBgColorPalette\":null,\"tempTabletBgColorOpacity\":null,\"tempTabletBgColorPalette\":null,\"tabletGradientColorHex\":null,\"tabletGradientColorOpacity\":null,\"tabletGradientColorPalette\":null,\"tempTabletGradientColorOpacity\":null,\"tempTabletGradientColorPalette\":null,\"tabletBorderColorHex\":null,\"tabletBorderColorOpacity\":null,\"tabletBorderColorPalette\":null,\"tempTabletBorderColorOpacity\":null,\"tempTabletBorderColorPalette\":null,\"tabletBoxShadow\":null,\"tempTabletBoxShadow\":null,\"tabletBoxShadowColorHex\":null,\"tabletBoxShadowColorOpacity\":null,\"tabletBoxShadowColorPalette\":null,\"tempTabletBoxShadowColorPalette\":null,\"tempTabletBoxShadowColorOpacity\":null,\"tabletBoxShadowBlur\":null,\"tabletBoxShadowSpread\":null,\"tabletBoxShadowVertical\":null,\"tabletBoxShadowHorizontal\":null,\"tempTabletBoxShadowBlur\":null,\"tempTabletBoxShadowSpread\":null,\"tempTabletBoxShadowVertical\":null,\"tempTabletBoxShadowHorizontal\":null,\"tabletVerticalAlign\":null,\"tabletPaddingType\":\"ungrouped\",\"tabletPadding\":76,\"tabletPaddingTop\":76,\"tabletPaddingBottom\":76,\"tabletPaddingSuffix\":\"px\",\"tabletPaddingTopSuffix\":\"px\",\"tabletPaddingRightSuffix\":\"px\",\"tabletPaddingBottomSuffix\":\"px\",\"tabletPaddingLeftSuffix\":\"px\",\"tempTabletPadding\":15,\"tempTabletPaddingTop\":5,\"tempTabletPaddingRight\":15,\"tempTabletPaddingBottom\":5,\"tempTabletPaddingLeft\":15,\"tabletMarginType\":\"ungrouped\",\"tabletMarginTop\":0,\"tabletMarginBottom\":0,\"tabletMarginSuffix\":\"px\",\"tabletMarginTopSuffix\":\"px\",\"tabletMarginBottomSuffix\":\"px\",\"mobileBgColorType\":null,\"mobileGradientStartPointer\":null,\"mobileGradientFinishPointer\":null,\"mobileGradientActivePointer\":null,\"mobileGradientType\":null,\"mobileGradientLinearDegree\":null,\"mobileGradientRadialDegree\":null,\"mobileBgColorHex\":null,\"mobileBgColorOpacity\":null,\"mobileBgColorPalette\":null,\"tempMobileBgColorOpacity\":null,\"tempMobileBgColorPalette\":null,\"mobileGradientColorHex\":null,\"mobileGradientColorOpacity\":null,\"mobileGradientColorPalette\":null,\"tempMobileGradientColorOpacity\":null,\"tempMobileGradientColorPalette\":null,\"mobileBorderStyle\":null,\"tempMobileBorderStyle\":null,\"mobileBorderWidthType\":null,\"mobileBorderWidth\":null,\"mobileBorderTopWidth\":null,\"mobileBorderRightWidth\":null,\"mobileBorderBottomWidth\":null,\"mobileBorderLeftWidth\":null,\"tempMobileBorderWidth\":null,\"tempMobileBorderTopWidth\":null,\"tempMobileBorderRightWidth\":null,\"tempMobileBorderBottomWidth\":null,\"tempMobileBorderLeftWidth\":null,\"mobileBorderRadiusType\":null,\"mobileBorderRadius\":null,\"mobileBorderTopLeftRadius\":null,\"mobileBorderTopRightRadius\":null,\"mobileBorderBottomLeftRadius\":null,\"mobileBorderBottomRightRadius\":null,\"tempMobileBorderRadius\":null,\"tempMobileBorderTopLeftRadius\":null,\"tempMobileBorderTopRightRadius\":null,\"tempMobileBorderBottomLeftRadius\":null,\"tempMobileBorderBottomRightRadius\":null,\"mobileBorderColorHex\":null,\"mobileBorderColorOpacity\":null,\"mobileBorderColorPalette\":null,\"tempMobileBorderColorOpacity\":null,\"tempMobileBorderColorPalette\":null,\"mobileBoxShadow\":null,\"tempMobileBoxShadow\":null,\"mobileBoxShadowColorHex\":null,\"mobileBoxShadowColorOpacity\":null,\"mobileBoxShadowColorPalette\":null,\"tempMobileBoxShadowColorPalette\":null,\"tempMobileBoxShadowColorOpacity\":null,\"mobileBoxShadowBlur\":null,\"mobileBoxShadowSpread\":null,\"mobileBoxShadowVertical\":null,\"mobileBoxShadowHorizontal\":null,\"tempMobileBoxShadowBlur\":null,\"tempMobileBoxShadowSpread\":null,\"tempMobileBoxShadowVertical\":null,\"tempMobileBoxShadowHorizontal\":null,\"mobileVerticalAlign\":null,\"mobilePaddingType\":\"ungrouped\",\"mobilePadding\":0,\"mobilePaddingTop\":40,\"mobilePaddingBottom\":40,\"mobilePaddingSuffix\":\"px\",\"mobilePaddingTopSuffix\":\"px\",\"mobilePaddingRightSuffix\":\"px\",\"mobilePaddingBottomSuffix\":\"px\",\"mobilePaddingLeftSuffix\":\"px\",\"tempMobilePadding\":10,\"tempMobilePaddingTop\":10,\"tempMobilePaddingRight\":10,\"tempMobilePaddingBottom\":10,\"tempMobilePaddingLeft\":10,\"mobileMarginType\":\"ungrouped\",\"mobileMarginTop\":30,\"mobileMarginBottom\":0,\"mobileMarginSuffix\":\"px\",\"mobileMarginTopSuffix\":\"px\",\"mobileMarginBottomSuffix\":\"px\",\"mobileWidth\":50,\"_id\":\"vFVGO_JqFa_m\",\"linkType\":\"external\",\"linkExternal\":\"https:\/\/www.instagram.com\/0xevgen.eth\/\",\"linkExternalBlank\":\"on\"}}],\"_id\":\"urqbGN59n_zM\"}},{\"type\":\"Wrapper\",\"value\":{\"_styles\":[\"wrapper\",\"wrapper--spacer\"],\"items\":[{\"type\":\"Spacer\",\"value\":{\"_styles\":[\"spacer\"],\"height\":144,\"tabletHeight\":23,\"mobileHeight\":35,\"_id\":\"fhS7Y_4sld3K\",\"heightSuffix\":\"px\"}}],\"showOnTablet\":\"on\",\"showOnMobile\":\"on\",\"_id\":\"ozPuhiog91uh\"}},{\"type\":\"Wrapper\",\"value\":{\"_styles\":[\"wrapper\",\"wrapper--richText\"],\"items\":[{\"type\":\"RichText\",\"value\":{\"_styles\":[\"richText\"],\"linkSource\":\"\/collection_types\/3990249\",\"linkType\":\"page\",\"_id\":\"ih4K6JMPd7G4\",\"_version\":2,\"text\":\"<p class=\\\"brz-tp-lg-paragraph\\\" data-uniq-id=\\\"zkbRk\\\" data-generated-css=\\\"brz-css-dpeOV\\\">\u041a\u0443\u043f\u0438\u0442\u044c \u043a\u0440\u0438\u043f\u0442\u043e\u0432\u0430\u043b\u044e\u0442\u0443 \u0441 \u043f\u043e\u043c\u043e\u0449\u044c\u044e \u0431\u0430\u043d\u043a\u043e\u0432\u0441\u043a\u043e\u0439 \u043a\u0430\u0440\u0442\u044b \u043c\u043e\u0436\u043d\u043e \u043d\u0430 \u0431\u0438\u0440\u0436\u0430\u0445 OKX \u0438\u043b\u0438 Bybit. \u0415\u0441\u043b\u0438 \u0443\u043a\u0430\u0437\u0430\u0442\u044c \u043c\u043e\u0439 \u043f\u0440\u043e\u043c\u043e\u043a\u043e\u0434 \u043c\u043e\u0436\u043d\u043e \u043f\u043e\u043b\u0443\u0447\u0438\u0442\u044c \u043f\u0440\u0438\u044f\u0442\u043d\u044b\u0435 \u0431\u043e\u043d\u0443\u0441\u044b \u043d\u0430 \u0441\u0442\u0430\u0440\u0442. \u0412\u044b\u0433\u043e\u0434\u043d\u0435\u0435 \u0432\u0441\u0435\u0433\u043e \u043a\u0443\u043f\u0438\u0442\u044c \u0432 \u0441\u0430\u043c\u043e\u043c \u043f\u0440\u0438\u043b\u043e\u0436\u0435\u043d\u0438\u0438 \u0432 \u0440\u0430\u0437\u0434\u0435\u043b\u0435 P2P (\u0434\u043b\u044f \u0438\u0441\u043f\u043e\u043b\u044c\u0437\u043e\u0432\u0430\u043d\u0438\u044f \u0431\u0430\u043d\u043a\u043e\u0432\u0441\u043a\u043e\u0439 \u043a\u0430\u0440\u0442\u044b \u043d\u0435\u043e\u0431\u0445\u043e\u0434\u0438\u043c\u043e \u0432\u0435\u0440\u0438\u0444\u0438\u0446\u0438\u0440\u043e\u0432\u0430\u0442\u044c \u0441\u0432\u043e\u044e \u043b\u0438\u0447\u043d\u043e\u0441\u0442\u044c KYC \u0434\u043b\u044f \u043f\u0440\u043e\u0442\u0438\u0432\u043e\u0434\u0435\u0439\u0441\u0442\u0432\u0438\u044f \u043d\u0435\u0437\u0430\u043a\u043e\u043d\u043d\u043e\u0439 \u0434\u0435\u044f\u0442\u0435\u043b\u044c\u043d\u043e\u0441\u0442\u0438). \u0421\u0430\u043c \u0438\u043c\u0438 \u043f\u043e\u043b\u044c\u0437\u0443\u044e\u0441\u044c \u0443\u0436\u0435 \u0442\u0440\u0438 \u0433\u043e\u0434\u0430<\/p>\"}}],\"_id\":\"t0DgW98zk6k5\"}},{\"type\":\"Row\",\"value\":{\"_styles\":[\"row\",\"hide-row-borders\",\"padding-0\"],\"items\":[{\"type\":\"Column\",\"value\":{\"items\":[{\"type\":\"Wrapper\",\"value\":{\"_styles\":[\"wrapper\",\"wrapper--richText\"],\"items\":[{\"type\":\"RichText\",\"value\":{\"_styles\":[\"richText\"],\"linkSource\":\"\/collection_types\/3990249\",\"linkType\":\"page\",\"_id\":\"z_sh10W_oyZb\",\"_version\":2,\"text\":\"<p data-uniq-id=\\\"aCnqp\\\" data-generated-css=\\\"brz-css-h_DzN\\\" class=\\\"brz-tp-lg-empty brz-ff-overpass brz-ft-google brz-fs-lg-17 brz-fss-lg-px brz-fw-lg-400 brz-ls-lg-0 brz-lh-lg-1_2 brz-vfw-lg-400 brz-fwdth-lg-100 brz-fsft-lg-0\\\"><strong style=\\\"color: rgba(var(--brz-global-color2),1);\\\" class=\\\"brz-cp-color2\\\">OKX - \u0411\u0438\u0440\u0436\u0430 + \u041a\u043e\u0448\u0435\u043b\u0435\u043a \u0434\u0432\u0430 \u0432 \u043e\u0434\u043d\u043e\u043c. \u0421\u0430\u043c\u044b\u0435 \u043f\u0435\u0440\u0432\u044b\u0435 \u0432\u043d\u0435\u0434\u0440\u0438\u043b\u0438 Proof of Reserves (\u0434\u043e\u043a\u0430\u0437\u0430\u0442\u0435\u043b\u044c\u0441\u0442\u0432\u043e \u0440\u0435\u0437\u0435\u0440\u0432\u043e\u0432 \u043f\u0435\u0440\u0435\u0434 \u043a\u043b\u0438\u0435\u043d\u0442\u0430\u043c\u0438 \u043d\u0430 ZK)<\/strong><\/p>\",\"bold\":true,\"typographyFontStyle\":\"\",\"typographyFontFamily\":\"overpass\",\"typographyFontFamilyType\":\"google\",\"typographyFontSize\":17,\"typographyFontSizeSuffix\":\"px\",\"typographyFontWeight\":400,\"typographyLetterSpacing\":0,\"typographyLineHeight\":1.2,\"typographyVariableFontWeight\":400,\"typographyFontWidth\":100,\"typographyFontSoftness\":0,\"bgColorType\":\"solid\",\"tempBgColorType\":\"solid\",\"bgColorHex\":\"#1C1C1C\",\"bgColorOpacity\":1,\"tempBgColorOpacity\":1,\"bgColorPalette\":\"color2\",\"tempBgColorPalette\":\"\",\"gradientColorHex\":\"#009900\",\"gradientColorOpacity\":1,\"tempGradientColorOpacity\":1,\"gradientColorPalette\":\"\",\"tempGradientColorPalette\":\"\",\"gradientType\":\"linear\",\"gradientStartPointer\":0,\"gradientFinishPointer\":100,\"gradientActivePointer\":\"startPointer\",\"gradientLinearDegree\":90,\"gradientRadialDegree\":90,\"backgroundGradient\":null,\"opacity\":null,\"color\":\"rgba(var(--brz-global-color2),1)\",\"colorPalette\":\"color2\"}}],\"_id\":\"noiRI6yrMzFl\"}},{\"type\":\"Wrapper\",\"value\":{\"_styles\":[\"wrapper\",\"wrapper--image\"],\"items\":[{\"type\":\"Image\",\"value\":{\"_styles\":[\"image\"],\"linkSource\":\"\/collection_types\/3990249\",\"linkType\":\"external\",\"_id\":\"n8jOw1QP4BT2\",\"_version\":2,\"imageSrc\":\"56cbf5fa841879f98912b842d8fa9812.jpg\",\"imageFileName\":\"Screenshot_20240430_201320_OKX1.jpg\",\"imageExtension\":\"jpg\",\"imageWidth\":1070,\"imageHeight\":1305,\"imageType\":\"internal\",\"width\":100,\"height\":88,\"widthSuffix\":\"%\",\"heightSuffix\":\"%\",\"mobileHeight\":null,\"mobileHeightSuffix\":null,\"mobileWidth\":null,\"mobileWidthSuffix\":null,\"tabletHeight\":null,\"tabletHeightSuffix\":null,\"tabletWidth\":null,\"tabletWidthSuffix\":null,\"linkExternal\":\"https:\/\/okx.com\/join\/76672079\",\"linkExternalBlank\":\"on\"}}],\"_id\":\"fnC1UEDRyyNZ\"}},{\"type\":\"Wrapper\",\"value\":{\"_styles\":[\"wrapper\",\"wrapper--image\"],\"items\":[{\"type\":\"Image\",\"value\":{\"_styles\":[\"image\"],\"linkSource\":\"\/collection_types\/3990249\",\"linkType\":\"external\",\"_id\":\"gveM27WGnlXG\",\"_version\":2,\"imageSrc\":\"cdddc0b3a4af1684e662b56b7bd2b18d.jpg\",\"imageFileName\":\"Screenshot_20240430_201320_OKX12.jpg\",\"imageExtension\":\"jpg\",\"imageWidth\":1069,\"imageHeight\":441,\"imageType\":\"internal\",\"width\":100,\"height\":69,\"widthSuffix\":\"%\",\"heightSuffix\":\"%\",\"mobileHeight\":null,\"mobileHeightSuffix\":null,\"mobileWidth\":null,\"mobileWidthSuffix\":null,\"tabletHeight\":null,\"tabletHeightSuffix\":null,\"tabletWidth\":null,\"tabletWidthSuffix\":null,\"linkExternal\":\"https:\/\/okx.com\/join\/76672079\",\"linkExternalBlank\":\"on\"}}],\"_id\":\"feCfcjsSUHXb\"}}],\"_styles\":[\"column\"],\"linkSource\":\"\/collection_types\/3990249\",\"linkType\":\"page\",\"_id\":\"byg4lNjNLZSv\",\"width\":50}},{\"type\":\"Column\",\"value\":{\"items\":[{\"type\":\"Wrapper\",\"value\":{\"_styles\":[\"wrapper\",\"wrapper--richText\"],\"items\":[{\"type\":\"RichText\",\"value\":{\"_styles\":[\"richText\"],\"linkSource\":\"\/collection_types\/3990249\",\"linkType\":\"page\",\"_id\":\"aDQJiksw2SCG\",\"_version\":2,\"text\":\"<p data-generated-css=\\\"brz-css-oa_u7\\\" data-uniq-id=\\\"jFl0W\\\" class=\\\"brz-tp-lg-empty brz-ff-overpass brz-ft-google brz-fs-lg-17 brz-fss-lg-px brz-fw-lg-400 brz-ls-lg-0 brz-lh-lg-1_3 brz-vfw-lg-400 brz-fwdth-lg-100 brz-fsft-lg-0\\\"><a data-href=\\\"%7B%22type%22%3A%22page%22%2C%22anchor%22%3A%22%22%2C%22external%22%3A%22%22%2C%22externalBlank%22%3A%22off%22%2C%22externalRel%22%3A%22off%22%2C%22externalType%22%3A%22external%22%2C%22population%22%3A%22%22%2C%22populationEntityId%22%3A%22%22%2C%22populationEntityType%22%3A%22%22%2C%22popup%22%3A%22%22%2C%22upload%22%3A%22%22%2C%22linkToSlide%22%3A1%2C%22internal%22%3A%22%22%2C%22internalBlank%22%3A%22off%22%2C%22pageTitle%22%3A%22%22%2C%22pageSource%22%3Anull%7D\\\"><strong>Bybit - \u0431\u0438\u0440\u0436\u0430 \u0443 \u043a\u043e\u0442\u043e\u0440\u043e\u0439 \u0441\u0430\u043c\u043e\u0435 \u043b\u0435\u0433\u043a\u043e\u0435 \u0438 \u043f\u0440\u043e\u0441\u0442\u043e\u0435 \u043f\u0440\u0438\u043b\u043e\u0436\u0435\u043d\u0438\u0435. Proof of Reserves \u0442\u0430\u043a \u0436\u0435 \u0438\u043c\u0435\u044e\u0442<\/strong><\/a><\/p>\",\"link\":\"%7B%22type%22%3A%22page%22%2C%22anchor%22%3A%22%22%2C%22external%22%3A%22%22%2C%22externalBlank%22%3A%22off%22%2C%22externalRel%22%3A%22off%22%2C%22externalType%22%3A%22external%22%2C%22population%22%3A%22%22%2C%22populationEntityId%22%3A%22%22%2C%22populationEntityType%22%3A%22%22%2C%22popup%22%3A%22%22%2C%22upload%22%3A%22%22%2C%22linkToSlide%22%3A1%2C%22internal%22%3A%22%22%2C%22internalBlank%22%3A%22off%22%2C%22pageTitle%22%3A%22%22%2C%22pageSource%22%3Anull%7D\",\"bold\":true,\"typographyFontStyle\":\"\",\"typographyFontFamily\":\"overpass\",\"typographyFontFamilyType\":\"google\",\"typographyFontSize\":17,\"typographyFontSizeSuffix\":\"px\",\"typographyFontWeight\":400,\"typographyLetterSpacing\":0,\"typographyLineHeight\":1.3,\"typographyVariableFontWeight\":400,\"typographyFontWidth\":100,\"typographyFontSoftness\":0}}],\"_id\":\"liRtXus_HMT4\"}},{\"type\":\"Wrapper\",\"value\":{\"_styles\":[\"wrapper\",\"wrapper--image\"],\"items\":[{\"type\":\"Image\",\"value\":{\"_styles\":[\"image\"],\"linkSource\":\"\/collection_types\/3990249\",\"linkType\":\"external\",\"_id\":\"fNpQJm_0jQ6j\",\"_version\":2,\"imageSrc\":\"fa2ce83c03123c236df659e72873092a.jpg\",\"imageFileName\":\"1714496154468.jpg\",\"imageExtension\":\"jpg\",\"imageWidth\":925,\"imageHeight\":1285,\"imageType\":\"internal\",\"width\":100,\"height\":103,\"widthSuffix\":\"%\",\"heightSuffix\":\"%\",\"mobileHeight\":null,\"mobileHeightSuffix\":null,\"mobileWidth\":null,\"mobileWidthSuffix\":null,\"tabletHeight\":null,\"tabletHeightSuffix\":null,\"tabletWidth\":null,\"tabletWidthSuffix\":null,\"linkExternal\":\"https:\/\/www.bybit.com\/invite?ref=RPZYGZ\",\"linkExternalBlank\":\"on\"}}],\"_id\":\"ya4n7Aw5flFO\"}}],\"_styles\":[\"column\"],\"linkSource\":\"\/collection_types\/3990249\",\"linkType\":\"external\",\"_id\":\"nCv9r3zLD76q\",\"width\":50}}],\"_id\":\"oTTN6Id2gyiC\"}}],\"tabsCurrentElement\":\"\",\"bgImageWidth\":1920,\"bgImageHeight\":1080,\"bgImageSrc\":\"018ef61f1df33e7bbf8424f7412ed340.jpg\",\"bgColorOpacity\":0,\"tempBgColorOpacity\":1,\"borderRadius\":0,\"borderTopLeftRadius\":0,\"borderTopRightRadius\":0,\"borderBottomLeftRadius\":0,\"borderBottomRightRadius\":0,\"tempBorderTopLeftRadius\":0,\"tempBorderTopRightRadius\":0,\"tempBorderBottomLeftRadius\":0,\"tempBorderBottomRightRadius\":0,\"tabsState\":\"normal\",\"tabsColor\":\"tabOverlay\",\"paddingType\":\"ungrouped\",\"paddingTop\":100,\"paddingBottom\":15,\"padding\":100,\"bgPositionX\":52,\"bgPositionY\":100,\"tabletPaddingType\":\"ungrouped\",\"tabletPaddingTop\":50,\"tabletPaddingBottom\":50,\"tabletPadding\":50,\"_id\":\"iOnfCZKMR1S1\",\"linkType\":\"external\"}}],\"_id\":\"gqtEXBh6luzX\",\"slider\":\"on\",\"_thumbnailSrc\":17658172,\"_thumbnailWidth\":600,\"_thumbnailHeight\":801,\"_thumbnailTime\":1714475721201},\"blockId\":\"block2kit1385\"}","meta":"{\"extraFontStyles\":[],\"type\":\"normal\",\"_thumbnailSrc\":\"b0bae5a5d09699f8d9cbea07ed023fab\",\"_thumbnailWidth\":600,\"_thumbnailHeight\":808,\"_thumbnailTime\":1714499656882}","editorVersion":"282","files":{"images":{"018ef61f1df33e7bbf8424f7412ed340.jpg":"282d5e58ecc1ec4068e6afe5a1e05f52\/files\/images\/018ef61f1df33e7bbf8424f7412ed340.jpg","56cbf5fa841879f98912b842d8fa9812.jpg":"282d5e58ecc1ec4068e6afe5a1e05f52\/files\/images\/56cbf5fa841879f98912b842d8fa9812.jpg","cdddc0b3a4af1684e662b56b7bd2b18d.jpg":"282d5e58ecc1ec4068e6afe5a1e05f52\/files\/images\/cdddc0b3a4af1684e662b56b7bd2b18d.jpg","fa2ce83c03123c236df659e72873092a.jpg":"282d5e58ecc1ec4068e6afe5a1e05f52\/files\/images\/fa2ce83c03123c236df659e72873092a.jpg"},"uploads":[],"fonts":[],"screenshots":{"b0bae5a5d09699f8d9cbea07ed023fab":"282d5e58ecc1ec4068e6afe5a1e05f52\/files\/screenshots\/b0bae5a5d09699f8d9cbea07ed023fab.jpg"}},"hasPro":"0"}